{"flutter":{"platforms":{"android":{"default":{"projectId":"flutter-sribbu-smart","appId":"1:779599136804:android:a75dbf6952a202d055f0b1","fileOutput":"android/app/google-services.json"}},"dart":{"lib/firebase_options.dart":{"projectId":"flutter-sribbu-smart","configurations":{"android":"1:779599136804:android:a75dbf6952a202d055f0b1","ios":"1:779599136804:ios:43efcb446df7bd6955f0b1","macos":"1:779599136804:ios:43efcb446df7bd6955f0b1","web":"1:779599136804:web:e4f9048ba0591ef555f0b1","windows":"1:779599136804:web:b0d33b9d25bf631755f0b1"}}}}}}